i,j,gamma_true,times_found,detection_rate,mean_gamma_pred,gamma_error_when_found
0,43,-0.4145072912253318,6,1.0,-0.35046090813965297,0.06404638308567884
0,11,-0.3815893570661723,0,0.0,,
4,21,-0.3242203552369198,6,1.0,-0.19362621314264897,0.1305941420942708
27,64,-0.316006568768267,1,0.16666666666666666,-0.1136262481852651,0.2023803205830019
2,69,-0.2824679927175618,4,0.6666666666666666,-0.1292219183731942,0.1532460743443676
9,80,-0.2797129728649806,0,0.0,,
9,57,-0.2767896250252012,4,0.6666666666666666,-0.15283082470722104,0.12395880031798018
36,77,-0.268872818314823,1,0.16666666666666666,-0.0856603842121132,0.18321243410270982
28,79,-0.2636494980719738,6,1.0,-0.1997924155104329,0.0638570825615409
6,98,-0.25698860138363,6,1.0,-0.28292208343832553,0.025933482054695534
42,44,-0.2556994409447122,2,0.3333333333333333,-0.14629864810627063,0.10940079283844156
10,78,-0.2547190680974293,5,0.8333333333333334,-0.19427092739105165,0.060448140706377634
27,31,-0.2483844745092493,3,0.5,-0.14768490683703991,0.10069956767220939
51,83,-0.2467103583979995,6,1.0,-0.22302888985073868,0.02368146854726083
57,81,-0.2355107405265004,2,0.3333333333333333,-0.07983619349509186,0.15567454703140854
64,92,-0.2308071603380452,3,0.5,-0.10691033995003353,0.12389682038801166
73,81,-0.2303961947556231,0,0.0,,
2,80,-0.2297544090586974,0,0.0,,
48,52,-0.2287157353450832,0,0.0,,
64,74,-0.2268179236721574,0,0.0,,
29,41,-0.2128240855996622,3,0.5,-0.07165242138525191,0.1411716642144103
63,78,-0.2036929507153524,3,0.5,-0.14957839388792746,0.05411455682742494
63,74,-0.2010120938855778,1,0.16666666666666666,-0.1121081517642773,0.08890394212130051
47,82,-0.1891188015893121,0,0.0,,
77,90,-0.1881968356202924,2,0.3333333333333333,-0.1388937785206566,0.04930305709963581
46,67,-0.1875875271471101,2,0.3333333333333333,-0.06480461392224175,0.12278291322486835
87,99,-0.1864200416114497,5,0.8333333333333334,-0.10265777052459846,0.08376227108685125
7,8,-0.1819197565916722,0,0.0,,
65,82,-0.1788735588488424,0,0.0,,
37,89,-0.1734616754187893,0,0.0,,
1,94,-0.1629133200819353,2,0.3333333333333333,-0.10122649445144245,0.06168682563049284
51,53,-0.1608458698045767,3,0.5,-0.10737001693659104,0.053475852867985674
39,94,-0.1562958527487007,6,1.0,-0.13779437824452329,0.018501474504177412
61,69,-0.1546242064126149,0,0.0,,
15,57,-0.1526612676431656,1,0.16666666666666666,-0.0944469196056899,0.05821434803747569
16,45,-0.1523072585703195,1,0.16666666666666666,-0.1097161662377066,0.04259109233261289
14,38,-0.1520591234744997,1,0.16666666666666666,-0.1104159139558672,0.04164320951863251
21,91,-0.1494305432893237,5,0.8333333333333334,-0.12019079909599403,0.02923974419332967
52,65,-0.1472366873431835,4,0.6666666666666666,-0.1460192390707674,0.0012174482724160995
73,94,-0.1469015494615975,0,0.0,,
51,62,-0.1439625162247685,2,0.3333333333333333,-0.1474384497582662,0.003475933533497705
8,33,-0.1398105902272973,0,0.0,,
71,90,-0.139757439456177,0,0.0,,
2,4,-0.136419574521492,0,0.0,,
31,90,-0.1362452567684362,1,0.16666666666666666,-0.0935949204645062,0.04265033630393002
9,61,-0.128479599601385,0,0.0,,
56,63,-0.1266022759089656,0,0.0,,
0,90,-0.125868541827553,0,0.0,,
59,92,-0.1193792525826649,1,0.16666666666666666,-0.0425106125048668,0.07686864007779809
28,59,-0.1187025977163456,0,0.0,,
5,29,-0.1181712876618212,0,0.0,,
52,55,-0.1181557795526672,0,0.0,,
12,28,-0.1179705712368218,0,0.0,,
38,84,-0.116756592351416,0,0.0,,
84,96,-0.1154826448434347,2,0.3333333333333333,-0.08069753421809994,0.034785110625334764
28,41,-0.1141179014513154,1,0.16666666666666666,-0.1007669057642657,0.0133509956870497
65,92,-0.1140307886681242,0,0.0,,
48,70,-0.1135513060359618,2,0.3333333333333333,-0.1160722137381833,0.002520907702221506
47,91,-0.1117062725646942,0,0.0,,
60,90,-0.1085760396044529,0,0.0,,
30,32,-0.1068161237938458,0,0.0,,
57,66,-0.1064148049052906,0,0.0,,
13,27,-0.1055385769603663,1,0.16666666666666666,-0.0402060175007707,0.0653325594595956
51,85,-0.1053726432050216,0,0.0,,
26,37,-0.1047839569358581,0,0.0,,
23,48,-0.1045838089927197,2,0.3333333333333333,-0.08958018860408025,0.01500362038863945
45,62,-0.1039642267748664,0,0.0,,
15,29,-0.1029515984164165,1,0.16666666666666666,-0.0640442335960834,0.03890736482033311
48,69,-0.1021585968427157,2,0.3333333333333333,-0.0635195871239561,0.038639009718759595
30,78,-0.1014056470118351,0,0.0,,
27,74,-0.1008133403673198,3,0.5,-0.088558922737713,0.0122544176296068
47,58,-0.0990148934194411,1,0.16666666666666666,-0.1251678922643881,0.026152998844946998
5,47,-0.0963079011880225,0,0.0,,
7,53,-0.0961482712948207,1,0.16666666666666666,-0.0719150299310002,0.024233241363820504
15,61,-0.0959863624321857,0,0.0,,
40,57,-0.0950976403915279,0,0.0,,
15,96,-0.0948749031193763,0,0.0,,
40,78,-0.0946153498778346,0,0.0,,
26,68,-0.0920362440900743,0,0.0,,
50,64,-0.0915691605713492,0,0.0,,
1,33,-0.0912212952593771,2,0.3333333333333333,-0.06335628322796019,0.027865012031416905
27,54,-0.0904069882755775,0,0.0,,
4,49,-0.0894778084600404,0,0.0,,
27,50,-0.0885716412830858,0,0.0,,
21,79,-0.0880562711109181,0,0.0,,
11,65,-0.0876381062546377,0,0.0,,
31,53,-0.0865316737368749,0,0.0,,
52,99,-0.0852823790273845,1,0.16666666666666666,-0.0736088256571204,0.0116735533702641
50,91,-0.0852682107602252,0,0.0,,
36,95,-0.0851381710086771,0,0.0,,
66,86,-0.0848024228450601,0,0.0,,
2,19,-0.084390165666049,4,0.6666666666666666,-0.09879205383910393,0.014401888173054933
40,93,-0.0838429128158027,0,0.0,,
54,86,-0.0830568303574888,0,0.0,,
52,71,-0.0814023929301857,2,0.3333333333333333,-0.1031299364786587,0.021727543548473005
35,57,-0.0812949815559972,0,0.0,,
35,72,-0.0810607691397105,0,0.0,,
54,66,-0.0807228906253453,0,0.0,,
30,80,-0.0805172492472544,0,0.0,,
58,88,-0.0787198790658242,0,0.0,,
40,49,-0.0786688028076916,0,0.0,,
25,49,-0.078650310951994,0,0.0,,
0,80,-0.078282787015194,0,0.0,,
73,74,-0.0782152757886574,0,0.0,,
2,82,-0.0781401389322305,4,0.6666666666666666,-0.19045439638782224,0.11231425745559175
63,69,-0.0776559461003482,0,0.0,,
74,94,-0.0769872920041083,0,0.0,,
14,46,-0.076374199438135,2,0.3333333333333333,-0.051313367751049194,0.02506083168708581
21,70,-0.0756595964699269,0,0.0,,
2,53,-0.0754601401532886,0,0.0,,
56,57,-0.0744602221065141,0,0.0,,
18,62,-0.0733007350273986,0,0.0,,
20,83,-0.0730775907328318,0,0.0,,
75,89,-0.07301290237404,0,0.0,,
8,64,-0.0727359156641364,0,0.0,,
38,50,-0.0710548819023438,0,0.0,,
45,72,-0.0703938708770055,0,0.0,,
36,91,-0.0701326998816713,0,0.0,,
4,56,-0.0698720949222799,0,0.0,,
5,93,-0.069845114396117,0,0.0,,
40,41,-0.0697756939906361,2,0.3333333333333333,-0.0359477718164872,0.0338279221741489
84,85,-0.068190504525647,0,0.0,,
9,40,-0.067384396074575,0,0.0,,
7,15,-0.0658423022889176,0,0.0,,
29,43,-0.0655330356765584,0,0.0,,
87,98,-0.0646899595983477,0,0.0,,
21,43,-0.063677707252706,0,0.0,,
19,80,-0.0635105954945015,0,0.0,,
38,78,-0.0634567651543764,0,0.0,,
70,98,-0.0632506848879383,0,0.0,,
31,32,-0.062640763039652,0,0.0,,
3,10,-0.062282522364245,0,0.0,,
23,41,-0.0614463806968907,0,0.0,,
47,62,-0.061280550183865,0,0.0,,
48,67,-0.060845897724362,0,0.0,,
48,65,-0.0602002810024425,0,0.0,,
58,63,-0.0597720521738607,0,0.0,,
33,35,-0.0593851023969419,0,0.0,,
65,91,-0.0584884699743567,0,0.0,,
65,85,-0.058422825205205,0,0.0,,
59,65,-0.0584062894355304,0,0.0,,
45,86,-0.0582566431662646,0,0.0,,
69,80,-0.0582305254781458,0,0.0,,
23,56,-0.0575726894837215,0,0.0,,
14,27,-0.0568723161384741,0,0.0,,
20,42,-0.055880896576044,0,0.0,,
29,66,-0.055241741802324,0,0.0,,
69,94,-0.0552263702557083,0,0.0,,
23,35,-0.0542499432211382,0,0.0,,
48,66,-0.0532422408868833,0,0.0,,
43,91,-0.0530546714516482,0,0.0,,
33,86,-0.0526822917620888,0,0.0,,
25,56,-0.0523196969880125,0,0.0,,
13,64,-0.0515710356884818,0,0.0,,
53,72,-0.0503250456410235,0,0.0,,
73,91,-0.0502851109547403,0,0.0,,
49,82,-0.049966226056298,0,0.0,,
53,65,-0.0499579842314335,0,0.0,,
3,35,-0.0482113861730471,0,0.0,,
5,49,-0.0481906225624995,0,0.0,,
19,40,-0.0477055767442321,0,0.0,,
74,96,-0.046698479445653,0,0.0,,
85,89,-0.0460505233048546,1,0.16666666666666666,-0.0743862017638368,0.028335678458982196
18,97,-0.0458053286952109,0,0.0,,
41,66,-0.0457724719709266,0,0.0,,
23,27,-0.0456574976967953,0,0.0,,
35,70,-0.045569360979361,0,0.0,,
66,95,-0.0446430090050735,0,0.0,,
86,96,-0.0446327723285925,0,0.0,,
30,57,-0.0444960480855477,0,0.0,,
85,95,-0.0442733065655834,0,0.0,,
69,96,-0.0437416424099856,0,0.0,,
29,88,-0.0426656670121948,0,0.0,,
15,30,-0.041162993313709,0,0.0,,
13,57,-0.0404524416963848,0,0.0,,
72,94,-0.0399511842440636,0,0.0,,
5,33,-0.0396342060648257,0,0.0,,
5,60,-0.0391856462949862,0,0.0,,
15,55,-0.0381677828341261,0,0.0,,
26,99,-0.037875054159549,1,0.16666666666666666,-0.062893042915628,0.025017988756079003
67,85,-0.0377741228345343,0,0.0,,
42,83,-0.0375177668290573,0,0.0,,
21,96,-0.0356629703645781,0,0.0,,
25,67,-0.0333198542195747,1,0.16666666666666666,0.0184036043366121,0.051723458556186805
4,88,-0.0323966662713704,0,0.0,,
52,80,-0.0319269179533841,0,0.0,,
83,93,-0.0312752556303985,0,0.0,,
44,47,-0.0308163509070338,0,0.0,,
0,97,-0.0306972147810521,0,0.0,,
1,61,-0.0295260432579278,1,0.16666666666666666,-0.0937174816984635,0.06419143844053571
51,63,-0.0287052761283467,0,0.0,,
43,56,-0.0286635573597125,0,0.0,,
6,85,-0.0280842451402697,0,0.0,,
12,35,-0.027975367178924,0,0.0,,
42,58,-0.0275559855389849,0,0.0,,
41,77,-0.0266645735320359,1,0.16666666666666666,-0.1290010369527642,0.10233646342072829
40,98,-0.0263024542591248,0,0.0,,
24,42,-0.0259843205823835,0,0.0,,
17,88,-0.0259305381134245,0,0.0,,
42,61,-0.0242988336306533,0,0.0,,
14,17,-0.0240034664235296,0,0.0,,
23,73,-0.0227578216808253,0,0.0,,
57,58,-0.0223045970185379,0,0.0,,
31,72,-0.0218650402738795,0,0.0,,
32,34,-0.0203634356104389,0,0.0,,
51,52,-0.0201002479111304,0,0.0,,
10,92,-0.0198011486980889,0,0.0,,
14,99,-0.0181790718792785,0,0.0,,
52,81,-0.0178700935056495,0,0.0,,
30,48,-0.0174827365315902,1,0.16666666666666666,-0.0845384927557836,0.0670557562241934
76,95,-0.0158317571080198,0,0.0,,
27,37,-0.0158299680028733,0,0.0,,
85,91,-0.015586754748341,1,0.16666666666666666,0.1361511600348459,0.1517379147831869
19,36,-0.0154803144278434,0,0.0,,
3,98,-0.0144524309554764,0,0.0,,
14,97,-0.0128255834229971,0,0.0,,
0,65,-0.0127002655906569,0,0.0,,
45,84,-0.011743686085823,0,0.0,,
10,36,-0.0117338489845696,0,0.0,,
4,20,-0.0116495201564383,0,0.0,,
9,68,-0.0114598793756018,0,0.0,,
39,52,-0.0106853166841878,0,0.0,,
45,49,-0.0105335004624858,0,0.0,,
66,78,-0.0101410185240162,1,0.16666666666666666,-0.0550623419158427,0.0449213233918265
55,57,-0.0092711815098642,0,0.0,,
9,79,-0.0075830101655257,0,0.0,,
53,97,-0.0072724943707736,0,0.0,,
50,78,-0.0072553260850006,0,0.0,,
86,91,-0.0068658639893292,0,0.0,,
1,52,-0.0064736052381642,0,0.0,,
64,85,-0.005549540094695,0,0.0,,
18,80,-0.0045706739236392,0,0.0,,
25,39,-0.0038204580143301,0,0.0,,
24,33,-0.0032849283048286,0,0.0,,
5,99,-0.0031954663447807,0,0.0,,
42,93,-0.0029770270120759,0,0.0,,
26,72,-0.0019631283229146,0,0.0,,
51,98,-0.0016327662931959,0,0.0,,
12,45,-0.0013607775463113,0,0.0,,
0,54,-0.001212440126417,0,0.0,,
53,61,-0.0011092942336127,0,0.0,,
3,68,0.0005360667375361,0,0.0,,
18,54,0.0014255998843246,0,0.0,,
43,96,0.0025379426853272,0,0.0,,
55,81,0.0029645440701003,0,0.0,,
63,89,0.00299420592806,4,0.6666666666666666,-0.07287476565568182,0.07586897158374183
12,32,0.0031233535114836,0,0.0,,
23,92,0.0042060001852706,0,0.0,,
48,62,0.0042156140766726,1,0.16666666666666666,0.0160195721394544,0.011803958062781799
24,48,0.0055036909347805,0,0.0,,
25,60,0.0057791157959247,0,0.0,,
71,94,0.0061608327900904,0,0.0,,
91,94,0.0063299174849133,0,0.0,,
22,81,0.0067210205579005,0,0.0,,
10,63,0.0073196978760858,0,0.0,,
39,68,0.0077642270092165,0,0.0,,
11,78,0.0083075930882725,0,0.0,,
27,95,0.0088208300024124,0,0.0,,
43,74,0.008834160624217,0,0.0,,
17,42,0.0090822415911354,0,0.0,,
26,79,0.0113568785837598,0,0.0,,
24,62,0.0119187401231882,0,0.0,,
6,21,0.0120547840215101,1,0.16666666666666666,0.0404551131574392,0.028400329135929103
25,72,0.0124539971269736,0,0.0,,
49,62,0.0127630072108659,1,0.16666666666666666,0.0704405462807254,0.05767753906985949
59,66,0.0151717839934699,1,0.16666666666666666,-0.055612829125237,0.0707846131187069
51,99,0.0152541156788434,0,0.0,,
45,91,0.0152948118089817,0,0.0,,
97,99,0.0169705270419873,0,0.0,,
23,36,0.0170326028570111,0,0.0,,
22,79,0.0178299462259806,0,0.0,,
60,85,0.0179244284511856,0,0.0,,
43,67,0.018362233336733,0,0.0,,
44,68,0.0184081640678099,0,0.0,,
46,93,0.0184316852320712,0,0.0,,
36,61,0.0185561855656217,0,0.0,,
9,93,0.0199714492771028,0,0.0,,
12,80,0.0200075588945312,1,0.16666666666666666,0.0074320632542674,0.012575495640263801
46,91,0.0207313301964178,0,0.0,,
23,76,0.022343180333738,0,0.0,,
60,93,0.0225751171129413,0,0.0,,
27,72,0.0229123723744995,0,0.0,,
14,53,0.0234046925783608,0,0.0,,
28,46,0.0239959885677207,2,0.3333333333333333,0.04892813838097365,0.024932149813252952
76,78,0.0247613788101528,0,0.0,,
67,81,0.0250908951580834,0,0.0,,
6,38,0.0269636923150027,0,0.0,,
22,99,0.0274527402592426,0,0.0,,
15,62,0.0274614195590773,0,0.0,,
92,99,0.0281909403138265,0,0.0,,
0,94,0.0298914503433555,0,0.0,,
33,96,0.0303097167011458,0,0.0,,
70,86,0.0303444531088769,0,0.0,,
44,93,0.0309638674073253,0,0.0,,
1,12,0.0313235136050574,0,0.0,,
26,57,0.0316411254077578,0,0.0,,
28,69,0.032104589317161,0,0.0,,
1,70,0.0321307705385079,0,0.0,,
21,75,0.0335949017781465,0,0.0,,
6,57,0.0337044579240916,0,0.0,,
7,50,0.0353594400340422,1,0.16666666666666666,-0.0222691079417758,0.057628547975818
28,82,0.0354179683080131,2,0.3333333333333333,0.10403623716616256,0.06861826885814945
0,20,0.0357919599344674,0,0.0,,
70,82,0.0367895327661396,0,0.0,,
6,43,0.0375030183932787,4,0.6666666666666666,0.1119476901182487,0.07444467172497
2,18,0.038114220679527,0,0.0,,
70,79,0.0383110806417137,0,0.0,,
5,74,0.0394091184342552,0,0.0,,
10,54,0.0398232810215606,0,0.0,,
9,37,0.0399448434510443,0,0.0,,
9,49,0.0404263025308713,0,0.0,,
6,27,0.0413852743546233,0,0.0,,
4,78,0.042508148054005,1,0.16666666666666666,0.139137123662251,0.09662897560824601
63,67,0.0425136705295917,1,0.16666666666666666,0.0603868365961313,0.017873166066539603
1,64,0.0428716927872959,0,0.0,,
7,57,0.0433835509275722,0,0.0,,
3,55,0.0442071865215113,0,0.0,,
33,49,0.0454535536296376,0,0.0,,
1,88,0.0462524026119267,0,0.0,,
20,35,0.0464173092148772,0,0.0,,
33,51,0.0473812221712481,2,0.3333333333333333,0.05618175595669175,0.008800533785443647
0,60,0.0477018494700274,0,0.0,,
46,64,0.0483497703457995,0,0.0,,
72,80,0.0493258856546955,0,0.0,,
80,99,0.0496857204800757,0,0.0,,
96,99,0.050353804234441,0,0.0,,
2,29,0.0503654521845325,0,0.0,,
11,46,0.0503908005299554,0,0.0,,
54,93,0.0505624393863406,0,0.0,,
74,99,0.0512558538916048,0,0.0,,
66,99,0.0520881936436084,3,0.5,0.06681776584241096,0.014729572198802561
18,49,0.0530004563679483,0,0.0,,
0,28,0.0531701941168647,0,0.0,,
59,76,0.053319117695439,0,0.0,,
1,24,0.0545318208684454,1,0.16666666666666666,0.0945455332124078,0.0400137123439624
46,81,0.0560828822902834,0,0.0,,
75,91,0.0569179020847892,0,0.0,,
45,92,0.0582347215780115,0,0.0,,
5,97,0.0583423294900081,0,0.0,,
6,8,0.0601714258993083,1,0.16666666666666666,0.1072760759810184,0.0471046500817101
34,95,0.0606022638796252,1,0.16666666666666666,0.058649350732434,0.0019529131471912042
36,87,0.0606438353644374,0,0.0,,
70,93,0.0619688151371736,0,0.0,,
15,59,0.0621501774579348,0,0.0,,
22,72,0.0624999371391893,2,0.3333333333333333,0.049860493640715,0.012639443498474297
13,48,0.0625786062497419,0,0.0,,
28,40,0.0631797726540543,0,0.0,,
8,27,0.063526001020828,0,0.0,,
38,87,0.0637012289145324,0,0.0,,
42,47,0.0639407159655204,1,0.16666666666666666,0.0599267267940561,0.004013989171464297
15,95,0.0643592130358331,2,0.3333333333333333,0.1115201480880381,0.047160935052205005
12,69,0.0651260280351882,0,0.0,,
13,81,0.0652492232165752,0,0.0,,
78,96,0.0660113819541238,0,0.0,,
3,13,0.0668208392071368,0,0.0,,
59,62,0.0674425871724387,0,0.0,,
26,56,0.0676502154629449,0,0.0,,
64,90,0.0691129024711846,0,0.0,,
9,56,0.0694061430867072,0,0.0,,
47,80,0.0695043932760206,0,0.0,,
4,8,0.0702775534289803,0,0.0,,
11,37,0.0735606855107264,0,0.0,,
95,96,0.0742587212528727,0,0.0,,
13,41,0.0763268012569914,0,0.0,,
3,26,0.0769195121575657,0,0.0,,
16,88,0.0769571294899282,0,0.0,,
27,92,0.077346161340663,0,0.0,,
43,80,0.0776530229651856,0,0.0,,
82,99,0.0781951497294428,1,0.16666666666666666,0.0731399710289065,0.005055178700536303
25,79,0.0794682976902293,0,0.0,,
24,32,0.0796428712494502,0,0.0,,
72,85,0.0807508579871401,0,0.0,,
33,70,0.0807970320753745,1,0.16666666666666666,0.0372225874483081,0.0435744446270664
68,76,0.0811830535195106,0,0.0,,
9,36,0.0813991358059301,0,0.0,,
12,22,0.081660473633069,0,0.0,,
30,65,0.0821105022078471,0,0.0,,
71,80,0.0826731086424424,0,0.0,,
34,81,0.0846239577705502,2,0.3333333333333333,0.0902379391097905,0.005613981339240293
11,61,0.0846822749598727,0,0.0,,
65,71,0.0859038260389838,0,0.0,,
31,96,0.0867689115049008,0,0.0,,
73,89,0.0872308152438835,0,0.0,,
66,89,0.0875631046739769,0,0.0,,
0,77,0.0884663215167662,0,0.0,,
66,73,0.0885370135490241,0,0.0,,
23,47,0.088708055513045,0,0.0,,
30,35,0.0898470884578497,1,0.16666666666666666,-0.0474682752696114,0.1373153637274611
7,89,0.0902994083251533,0,0.0,,
19,47,0.0913787982072585,0,0.0,,
34,69,0.0918411636221484,0,0.0,,
17,40,0.0931764165333675,0,0.0,,
66,82,0.0939294948142183,0,0.0,,
0,19,0.0947041502173774,0,0.0,,
57,98,0.0975068387586423,0,0.0,,
15,63,0.0975084435395211,0,0.0,,
30,98,0.0977861715345681,1,0.16666666666666666,0.0026974022360629,0.09508876929850521
19,23,0.0987857425697541,0,0.0,,
2,20,0.0994514923129748,1,0.16666666666666666,0.0619304067248834,0.037521085588091405
52,68,0.1003345706146019,0,0.0,,
5,68,0.1017762153547308,0,0.0,,
26,66,0.1022641670238325,0,0.0,,
21,92,0.1043769458468055,0,0.0,,
10,57,0.1050613852478841,0,0.0,,
15,46,0.1056533692277287,0,0.0,,
41,43,0.1058441147033677,0,0.0,,
23,57,0.1059355882770871,3,0.5,0.08955977088456878,0.016375817392518324
74,92,0.1070618270509174,0,0.0,,
24,29,0.1094378522104608,1,0.16666666666666666,0.0668190029520816,0.04261884925837921
39,98,0.1106789223059276,2,0.3333333333333333,0.11402454150767305,0.003345619201745448
4,62,0.1109361800339002,1,0.16666666666666666,0.1304044694813291,0.019468289447428913
28,45,0.1112819337539147,1,0.16666666666666666,0.107699601946348,0.0035823318075666882
8,14,0.1116511046125779,5,0.8333333333333334,0.12160707841061502,0.009955973798037115
42,50,0.1141044477787107,0,0.0,,
11,74,0.1141765616992731,0,0.0,,
78,86,0.1152230243303748,0,0.0,,
12,64,0.1160071067335369,0,0.0,,
23,98,0.1161079674334122,0,0.0,,
4,25,0.1162592056731358,0,0.0,,
23,77,0.116651511315434,0,0.0,,
33,84,0.1176714175669913,0,0.0,,
48,80,0.1180383564946221,0,0.0,,
44,73,0.1180697235743477,0,0.0,,
61,75,0.1183615201239565,0,0.0,,
15,32,0.1202592874564381,0,0.0,,
22,66,0.1208648257800857,0,0.0,,
11,47,0.121934219510162,0,0.0,,
61,68,0.1222276331721431,0,0.0,,
61,91,0.1223186025489821,0,0.0,,
75,82,0.124078399880564,0,0.0,,
27,80,0.128383204009383,0,0.0,,
0,3,0.1301709878130358,5,0.8333333333333334,0.15120234766753787,0.02103135985450208
2,21,0.1342453139442438,6,1.0,0.1427496991360789,0.008504385191835107
40,51,0.135959787143935,5,0.8333333333333334,0.09550968692211652,0.04045010022181848
14,69,0.1362358678079442,1,0.16666666666666666,0.1041393160075527,0.03209655180039149
23,63,0.136321020164036,0,0.0,,
28,71,0.1374296090250016,3,0.5,0.17657425210292657,0.03914464307792498
8,84,0.1397976298604592,0,0.0,,
0,23,0.1406102276471267,0,0.0,,
16,44,0.1412777330157724,4,0.6666666666666666,0.062151673174757345,0.07912605984101506
30,84,0.1434675326106771,0,0.0,,
19,44,0.1438071546125226,0,0.0,,
69,73,0.1461488280633342,0,0.0,,
19,92,0.1479569074410186,0,0.0,,
50,79,0.1498807813258537,1,0.16666666666666666,0.0655441718757388,0.0843366094501149
4,29,0.1508896128544321,1,0.16666666666666666,0.0981022011744096,0.05278741168002249
34,72,0.1518515022151733,0,0.0,,
20,58,0.1551692165125573,0,0.0,,
83,95,0.1553366235500497,5,0.8333333333333334,0.12509000902397577,0.03024661452607394
22,89,0.1564171946905538,2,0.3333333333333333,0.0637217822205006,0.0926954124700532
73,87,0.1569357266363197,1,0.16666666666666666,0.0574554187286892,0.09948030790763049
32,81,0.1573730101568048,0,0.0,,
10,37,0.1613135570656292,0,0.0,,
18,72,0.1618529584991567,0,0.0,,
17,90,0.163639783982319,2,0.3333333333333333,0.062027793925043095,0.10161199005727589
16,94,0.1675998949921419,1,0.16666666666666666,0.0926299868487366,0.07496990814340529
22,52,0.1693250292131376,0,0.0,,
46,60,0.1700879531574595,0,0.0,,
16,71,0.1702000163511016,1,0.16666666666666666,0.0850032305472004,0.0851967858039012
14,25,0.1707126397247471,0,0.0,,
0,86,0.1716473591641957,0,0.0,,
76,77,0.172153914716425,0,0.0,,
22,41,0.1808841972563704,2,0.3333333333333333,0.13789454947148855,0.042989647784881846
41,71,0.1811961317212675,0,0.0,,
1,62,0.1823292107528748,5,0.8333333333333334,0.12206597749401538,0.06026323325885943
58,82,0.1835960110755271,5,0.8333333333333334,0.08900264389300547,0.09459336718252162
29,82,0.1876978775835463,2,0.3333333333333333,0.13879353759913235,0.04890433998441396
76,87,0.1879295427209806,0,0.0,,
20,52,0.1917873955565565,0,0.0,,
7,24,0.1936581303547287,0,0.0,,
40,71,0.1937028576894276,0,0.0,,
41,74,0.1950023019586046,2,0.3333333333333333,0.09282033261400655,0.10218196934459806
48,60,0.1981344396417556,5,0.8333333333333334,0.11478547999476443,0.08334895964699116
50,94,0.1983240397410768,1,0.16666666666666666,0.1171741702880735,0.08114986945300329
44,78,0.2007037869401224,4,0.6666666666666666,0.17687479815470147,0.023828988785420918
65,89,0.2012798186368394,0,0.0,,
14,90,0.2037292535937933,4,0.6666666666666666,0.21078199137475956,0.007052737780966267
18,76,0.2056423791389114,0,0.0,,
25,98,0.206551223778439,0,0.0,,
1,32,0.2068018278074458,0,0.0,,
55,84,0.2141902523652459,1,0.16666666666666666,0.066135180363178,0.14805507200206788
59,75,0.2158833207841684,0,0.0,,
40,76,0.2162996884263298,0,0.0,,
31,64,0.2191633049741331,1,0.16666666666666666,0.0517012604443113,0.1674620445298218
46,77,0.222942419896468,0,0.0,,
35,95,0.2376007481744164,0,0.0,,
42,48,0.2377542361954658,2,0.3333333333333333,0.09325656673062066,0.14449766946484513
1,19,0.2481164735083491,6,1.0,0.15583944500879526,0.09227702849955383
6,11,0.252209913337825,2,0.3333333333333333,0.10503505175249556,0.14717486158532944
2,56,0.2569875396502604,0,0.0,,
10,79,0.2679191837120975,6,1.0,0.17523816235801914,0.09268102135407835
27,77,0.2705247144614888,6,1.0,0.25803664048630265,0.012488073975186142
10,12,0.2908932068959716,6,1.0,0.21435965374821808,0.07653355314775351
1,31,0.2912508389809505,2,0.3333333333333333,0.0831150974501406,0.20813574153080988
46,57,0.3080161543882652,1,0.16666666666666666,0.094355063662814,0.2136610907254512
