locus_index,beta_hat,beta_true,p_adj
0,0.2756048685054039,0.3401474194889439,5.519816339296955e-12
1,0.11839059886805141,0.1224772007461264,0.0002720353525860532
2,0.13298311764611534,0.1428248006354242,3.424861479815447e-05
3,0.11795293076007542,0.1683082497971609,0.0014854308237990566
4,0.3863134252464297,0.4287486541076496,4.490957435417978e-18
5,0.24923126170737453,0.1995919882451773,6.421017201357485e-17
6,-0.13826520794578867,-0.1376323200788739,5.9514372632488965e-05
7,-0.14121636067060672,-0.167644988951829,0.00015757165950566724
8,0.09793119290358678,0.1546782707710702,0.02717733625287007
9,0.1397038248101783,0.1550942737644669,1.682693576890196e-05
10,0.37267022726396476,0.3789795488372224,1.8200252294837462e-20
11,-0.19035977730637565,-0.1679952781855101,1.7932694889358877e-08
12,0.17982212742798767,0.1997763159055311,3.6497616381564815e-08
13,-0.3822157570431998,-0.4736440263337494,5.231113455235387e-08
14,-0.24769253825293627,-0.2687067803195591,1.0484754544859651e-08
15,0.15505689817175422,0.1762390970500171,1.8237612473228698e-06
16,-0.12779119596205465,-0.1350344191895232,0.00028990511575023093
17,0.09480859054339723,0.1004313841886296,0.010414694892831259
18,0.10382718204809309,0.1455756206589852,0.00801112150955741
19,0.11445220773483895,0.1009534463607881,0.00026416588429302364
20,-0.11712102081810845,-0.1390919767107858,0.0019434784404021186
21,-0.07078453475229494,-0.1357327857351484,0.8634726616304326
22,0.21198816219760805,0.1667687386473123,2.3337256026996546e-13
23,0.17788767076768944,0.1892120331470919,2.700183385753398e-08
24,-0.34015293784109135,-0.3447618286765079,5.496980593053896e-11
25,-0.16285598336078289,-0.1529824941363654,1.2665849520486156e-06
26,0.8403313760597945,0.9937427623849144,1.755327002756241e-49
27,0.39068224650624,0.457040259051003,3.546284118646943e-17
28,-0.0996251200253279,-0.1115325726734672,0.012118980319783071
29,-0.17335008691868273,-0.1484613933389664,9.752993405909526e-08
30,-0.5002768871121462,-0.5162508870558875,7.432758693355368e-11
31,0.1478573683255372,0.1297667289842505,5.042364042726576e-07
32,-0.6715916692801478,-0.6731096193815398,1.3195965008205568e-11
33,0.44494054461988725,0.4765618194861097,7.514122545466402e-22
34,0.26101614016698965,0.2660027489500692,3.280788964810668e-14
35,0.1099349140208725,0.1254308322648993,0.0014824207186016677
36,0.24958689723472413,0.3215483453335417,3.5920032172817204e-10
37,-0.28028550625788473,-0.3363562913272216,5.863816482575097e-08
38,0.31823881423352957,0.2276939923621138,6.174919934090599e-26
39,0.22843298799694475,0.1938075900181697,2.39968349769824e-14
40,-0.15762647748346773,-0.1863807092814955,3.0455947990411857e-05
41,0.4680010847294799,0.4689456643591406,4.38365314388695e-25
42,-0.13183137518354518,-0.2223532455886717,0.007004371358542539
43,0.07646361010328388,0.1038962081993115,0.18497684931172426
44,0.37275887149287573,0.3634415778998674,1.3135083857120508e-21
45,-0.28069682541235214,-0.4433303287742611,4.8520352751293815e-05
46,0.16913065474008143,0.1688632778741719,3.9083475183213666e-08
47,0.49140862177164163,0.4939587409929767,2.041649899851956e-26
48,0.17788726306183458,0.1986906378692918,5.373210457208379e-08
49,-0.03028037832912389,-0.1070265680601607,23.048183666378975
50,-0.12864531338026414,-0.1423472466434104,0.0003932490627958781
51,0.2725002567804471,0.2558369042503061,2.939527288211357e-16
52,-0.07005450170431883,-0.1308192651415301,0.8598695780019937
53,-0.25646898609879404,-0.3128816583898199,1.766222202454782e-07
54,-0.09466447360161827,-0.1518945213474405,0.07500280355752263
55,-0.24676861163220534,-0.4478543174731888,0.0010612151829619628
56,-0.6861577554918791,-0.7678417927920993,2.961013332536451e-10
57,0.09013056502690739,0.1006930113697217,0.02297458991262041
58,0.10010516005867107,0.1100497398476212,0.005394449337939699
59,0.09255333284548878,0.1365325162323115,0.037376471573894635
60,-0.652922017243583,-0.7940057715186308,1.7201398782580378e-09
61,0.855107702294161,0.8352302068334844,5.368956666403677e-57
62,0.42684922538085834,0.4934189039179618,6.3264982893051815e-19
63,0.2273179576921867,0.1947723320569118,5.398443884608246e-14
64,0.1304412857808684,0.182812508118364,0.0003599423384070386
65,-0.12704272227963234,-0.114595537922366,0.00013994147950656676
66,-0.12478027566176965,-0.1448158981871191,0.0007469030842100456
67,0.30553293723549946,0.4188612317244181,4.5511655083698954e-11
68,-0.1335837268173527,-0.1351518316188012,0.00011504213817022753
69,-0.16934502861823827,-0.1393370361095214,1.2252844976827231e-07
70,0.2351827261369886,0.2922028427111668,2.3748863360163804e-10
71,0.11153384871590141,0.131355760949162,0.0013041375334074373
72,0.28724362990046787,0.2051751991015868,1.5127642930886636e-22
73,-0.11873965497756372,-0.1827881423267646,0.007862766264340681
74,0.10500241166105882,0.1162548842839754,0.0028014220269382195
75,-0.4071112324717219,-0.4763381493034258,1.0319039710944988e-08
76,-0.1357890825281214,-0.1604628893412995,0.00025473245527210005
77,-0.1482185948449913,-0.1536940429784624,2.1633724761567958e-05
78,0.10753556014846533,0.1358036332771709,0.00335445096216994
79,0.20433915516503243,0.2398596613411585,2.7866594478174167e-09
80,0.11798431286726573,0.1888490938724799,0.0036872029546348942
81,-0.1236876316881908,-0.136429674555168,0.000623624704339618
82,0.1776588057444994,0.1912873048209799,3.433183469192191e-08
83,0.4429152404335045,0.4650800814107693,3.2500054129055535e-22
84,-0.14404698326341178,-0.1500227291384564,3.763926643889504e-05
85,-0.1570319552230874,-0.1021438758182388,1.2593487982575864e-07
86,-0.04420450893608749,-0.1134512089308941,8.578739473041635
87,-0.1595609350106531,-0.2041981251292229,6.152056310000798e-05
88,-0.7319166877695376,-0.8500410103472558,1.7057460802467987e-10
89,-0.11408483524426324,-0.200085913293919,0.0264457060178755
90,0.4419171865560455,0.4809436330001135,5.898826590148988e-21
91,-0.193919549638922,-0.2555837539335224,9.997517293902586e-06
92,0.1614869373756452,0.1321443379082073,1.9806535657669392e-08
93,-0.35938702616483714,-0.4755094500277851,4.009720188028842e-07
94,-0.12564387358497642,-0.1738508236262126,0.002298723061258665
95,0.1822689366779454,0.2047204485188532,3.136159174320252e-08
96,0.3399509849502782,0.3448915195426643,4.977784792718472e-19
97,-0.39376148119305054,-0.4678394113738189,1.1003945020187129e-08
98,0.29428583250751866,0.3367974622594394,1.0496411014329418e-13
99,0.3060298321161645,0.2846634734013393,9.676655478379653e-19
